{"cameraMode":{"drawMode":0,"name":"Shaded","section":"Shading Mode"},"sceneLighting":false,"audioPlay":false,"sceneViewState":{"m_AlwaysRefresh":false,"showFog":true,"showSkybox":false,"showFlares":true,"showImageEffects":true,"showParticleSystems":true,"showVisualEffectGraphs":true,"m_FxEnabled":true},"in2DMode":false,"pivot":{"x":-0.01909763365983963,"y":0.2431115359067917,"z":-0.0612795427441597},"rotation":{"x":0.05088489502668381,"y":-0.16285279393196107,"z":0.00841087382286787,"w":0.9853081107139587},"size":0.2660253643989563,"orthographic":false}