{"cameraMode":{"drawMode":0,"name":"Shaded","section":"Shading Mode"},"sceneLighting":false,"audioPlay":false,"sceneViewState":{"m_AlwaysRefresh":false,"showFog":true,"showSkybox":false,"showFlares":true,"showImageEffects":true,"showParticleSystems":true,"showVisualEffectGraphs":true,"m_FxEnabled":true},"in2DMode":false,"pivot":{"x":0.046573251485824588,"y":0.1074327826499939,"z":-0.15318703651428224},"rotation":{"x":0.3202858865261078,"y":0.2591259777545929,"z":-0.0915440246462822,"w":0.9065946936607361},"size":0.2660253643989563,"orthographic":false}