{"cameraMode":{"drawMode":0,"name":"Shaded","section":"Shading Mode"},"sceneLighting":false,"audioPlay":false,"sceneViewState":{"m_AlwaysRefresh":false,"showFog":true,"showSkybox":false,"showFlares":true,"showImageEffects":true,"showParticleSystems":true,"showVisualEffectGraphs":true,"m_FxEnabled":true},"in2DMode":false,"pivot":{"x":-0.17498797178268434,"y":0.10129177570343018,"z":-0.0806962177157402},"rotation":{"x":0.30911269783973696,"y":-0.6427945494651794,"z":0.3181540071964264,"w":0.6245441436767578},"size":0.2660253643989563,"orthographic":false}