{"cameraMode":{"drawMode":0,"name":"Shaded","section":"Shading Mode"},"sceneLighting":false,"audioPlay":false,"sceneViewState":{"m_AlwaysRefresh":false,"showFog":true,"showSkybox":false,"showFlares":true,"showImageEffects":true,"showParticleSystems":true,"showVisualEffectGraphs":true,"m_FxEnabled":true},"in2DMode":false,"pivot":{"x":0.2627568244934082,"y":1.3393934965133668,"z":-0.05080164223909378},"rotation":{"x":0.35033461451530459,"y":-0.6153335571289063,"z":0.35223379731178286,"w":0.6120175719261169},"size":0.033974647521972659,"orthographic":false}