{"cameraMode":{"drawMode":0,"name":"Shaded","section":"Shading Mode"},"sceneLighting":false,"audioPlay":false,"sceneViewState":{"m_AlwaysRefresh":false,"showFog":true,"showSkybox":false,"showFlares":true,"showImageEffects":true,"showParticleSystems":true,"showVisualEffectGraphs":true,"m_FxEnabled":true},"in2DMode":false,"pivot":{"x":-0.017177551984786989,"y":0.09504967927932739,"z":0.18086349964141847},"rotation":{"x":0.11877527087926865,"y":0.219705730676651,"z":-0.026954960078001024,"w":0.9679420590400696},"size":0.2660253643989563,"orthographic":false}