{"cameraMode":{"drawMode":0,"name":"Shaded","section":"Shading Mode"},"sceneLighting":false,"audioPlay":false,"sceneViewState":{"m_AlwaysRefresh":false,"showFog":true,"showSkybox":false,"showFlares":true,"showImageEffects":true,"showParticleSystems":true,"showVisualEffectGraphs":true,"m_FxEnabled":true},"in2DMode":false,"pivot":{"x":-0.5344411730766296,"y":0.13859349489212037,"z":0.08419032394886017},"rotation":{"x":0.21591994166374207,"y":-0.5907832384109497,"z":0.16772246360778809,"w":0.75921231508255},"size":0.3980700671672821,"orthographic":false}