{"cameraMode":{"drawMode":0,"name":"Shaded","section":"Shading Mode"},"sceneLighting":false,"audioPlay":false,"sceneViewState":{"m_AlwaysRefresh":false,"showFog":true,"showSkybox":false,"showFlares":true,"showImageEffects":true,"showParticleSystems":true,"showVisualEffectGraphs":true,"m_FxEnabled":true},"in2DMode":false,"pivot":{"x":0.02063530683517456,"y":0.4918385148048401,"z":1.4901161193847657e-8},"rotation":{"x":0.18706372380256654,"y":0.7404274344444275,"z":-0.22993285953998567,"w":0.6033890843391419},"size":1.3620386123657227,"orthographic":false}