{"cameraMode":{"drawMode":0,"name":"Shaded","section":"Shading Mode"},"sceneLighting":false,"audioPlay":false,"sceneViewState":{"m_AlwaysRefresh":false,"showFog":true,"showSkybox":false,"showFlares":true,"showImageEffects":true,"showParticleSystems":true,"showVisualEffectGraphs":true,"m_FxEnabled":true},"in2DMode":false,"pivot":{"x":0.09215736389160156,"y":0.350516676902771,"z":0.006635189056396484},"rotation":{"x":0.36683952808380129,"y":-0.6138594150543213,"z":0.38674724102020266,"w":0.5822773575782776},"size":2.961212396621704,"orthographic":false}