{"cameraMode":{"drawMode":0,"name":"Shaded","section":"Shading Mode"},"sceneLighting":false,"audioPlay":false,"sceneViewState":{"m_AlwaysRefresh":false,"showFog":true,"showSkybox":false,"showFlares":true,"showImageEffects":true,"showParticleSystems":true,"showVisualEffectGraphs":true,"m_FxEnabled":true},"in2DMode":false,"pivot":{"x":0.2503708004951477,"y":0.08839258551597595,"z":0.31764328479766848},"rotation":{"x":0.06566406786441803,"y":0.13132517039775849,"z":-0.00892509426921606,"w":0.9892148971557617},"size":0.8934546709060669,"orthographic":false}