{"cameraMode":{"drawMode":0,"name":"Shaded","section":"Shading Mode"},"sceneLighting":false,"audioPlay":false,"sceneViewState":{"m_AlwaysRefresh":false,"showFog":true,"showSkybox":false,"showFlares":true,"showImageEffects":true,"showParticleSystems":true,"showVisualEffectGraphs":true,"m_FxEnabled":true},"in2DMode":false,"pivot":{"x":-0.25569623708724978,"y":-0.46032285690307619,"z":0.6903515458106995},"rotation":{"x":0.38257870078086855,"y":-0.10866646468639374,"z":0.0450657494366169,"w":0.9165090918540955},"size":0.8934546709060669,"orthographic":false}