{"cameraMode":{"drawMode":0,"name":"Shaded","section":"Shading Mode"},"sceneLighting":false,"audioPlay":false,"sceneViewState":{"m_AlwaysRefresh":false,"showFog":true,"showSkybox":false,"showFlares":true,"showImageEffects":true,"showParticleSystems":true,"showVisualEffectGraphs":true,"m_FxEnabled":true},"in2DMode":false,"pivot":{"x":-0.04371490329504013,"y":0.18640024960041047,"z":0.18398572504520417},"rotation":{"x":0.35870561003685,"y":-0.017740637063980104,"z":0.006525272503495216,"w":0.9333582520484924},"size":0.8934546709060669,"orthographic":false}