{"cameraMode":{"drawMode":0,"name":"Shaded","section":"Shading Mode"},"sceneLighting":false,"audioPlay":false,"sceneViewState":{"m_AlwaysRefresh":false,"showFog":true,"showSkybox":false,"showFlares":true,"showImageEffects":true,"showParticleSystems":true,"showVisualEffectGraphs":true,"m_FxEnabled":true},"in2DMode":false,"pivot":{"x":0.4727519750595093,"y":0.11076778173446655,"z":0.8690093755722046},"rotation":{"x":0.08814767748117447,"y":0.2919776737689972,"z":-0.027330167591571809,"w":0.9520622491836548},"size":0.8934546709060669,"orthographic":false}