{"cameraMode":{"drawMode":0,"name":"Shaded","section":"Shading Mode"},"sceneLighting":false,"audioPlay":false,"sceneViewState":{"m_AlwaysRefresh":false,"showFog":true,"showSkybox":false,"showFlares":true,"showImageEffects":true,"showParticleSystems":true,"showVisualEffectGraphs":true,"m_FxEnabled":true},"in2DMode":false,"pivot":{"x":1.6049261093139649,"y":-1.9927579164505005,"z":-0.8357206583023071},"rotation":{"x":0.20786447823047639,"y":0.7870447039604187,"z":-0.35715311765670779,"w":0.4580799639225006},"size":2.5761454105377199,"orthographic":false}