{"cameraMode":{"drawMode":0,"name":"Shaded","section":"Shading Mode"},"sceneLighting":false,"audioPlay":false,"sceneViewState":{"m_AlwaysRefresh":false,"showFog":true,"showSkybox":false,"showFlares":true,"showImageEffects":true,"showParticleSystems":true,"showVisualEffectGraphs":true,"m_FxEnabled":true},"in2DMode":false,"pivot":{"x":-1.359029769897461,"y":0.11142078042030335,"z":0.376163125038147},"rotation":{"x":0.04489579051733017,"y":-0.8475965261459351,"z":0.07264020293951035,"w":0.5237521529197693},"size":1.3667621612548829,"orthographic":false}