{"cameraMode":{"drawMode":0,"name":"Shaded","section":"Shading Mode"},"sceneLighting":false,"audioPlay":false,"sceneViewState":{"m_AlwaysRefresh":false,"showFog":true,"showSkybox":false,"showFlares":true,"showImageEffects":true,"showParticleSystems":true,"showVisualEffectGraphs":true,"m_FxEnabled":true},"in2DMode":false,"pivot":{"x":0.6384538412094116,"y":-0.1705670952796936,"z":1.296248197555542},"rotation":{"x":0.11731676757335663,"y":0.31112080812454226,"z":-0.038919541984796527,"w":0.9423934817314148},"size":1.1657054424285889,"orthographic":false}