{"cameraMode":{"drawMode":0,"name":"Shaded","section":"Shading Mode"},"sceneLighting":false,"audioPlay":false,"sceneViewState":{"m_AlwaysRefresh":false,"showFog":true,"showSkybox":false,"showFlares":true,"showImageEffects":true,"showParticleSystems":true,"showVisualEffectGraphs":true,"m_FxEnabled":true},"in2DMode":false,"pivot":{"x":-0.11358574032783508,"y":-0.03379816561937332,"z":-0.8184187412261963},"rotation":{"x":-0.017934951931238176,"y":0.9710200428962708,"z":-0.226226344704628,"w":-0.07614179700613022},"size":1.1657054424285889,"orthographic":false}