{"cameraMode":{"drawMode":0,"name":"Shaded","section":"Shading Mode"},"sceneLighting":false,"audioPlay":false,"sceneViewState":{"m_AlwaysRefresh":false,"showFog":true,"showSkybox":false,"showFlares":true,"showImageEffects":true,"showParticleSystems":true,"showVisualEffectGraphs":true,"m_FxEnabled":true},"in2DMode":false,"pivot":{"x":-0.17101401090621949,"y":0.2804962992668152,"z":-0.18450820446014405},"rotation":{"x":0.019608477130532266,"y":0.9796104431152344,"z":-0.15979613363742829,"w":0.1202046200633049},"size":0.8934546709060669,"orthographic":false}