{"cameraMode":{"drawMode":0,"name":"Shaded","section":"Shading Mode"},"sceneLighting":false,"audioPlay":false,"sceneViewState":{"m_AlwaysRefresh":false,"showFog":true,"showSkybox":false,"showFlares":true,"showImageEffects":true,"showParticleSystems":true,"showVisualEffectGraphs":true,"m_FxEnabled":true},"in2DMode":false,"pivot":{"x":-0.04300236701965332,"y":0.2683144807815552,"z":-0.017526308074593545},"rotation":{"x":0.252106636762619,"y":0.656991183757782,"z":-0.24931040406227113,"w":0.6654577851295471},"size":0.8934546709060669,"orthographic":false}