{"cameraMode":{"drawMode":0,"name":"Shaded","section":"Shading Mode"},"sceneLighting":false,"audioPlay":false,"sceneViewState":{"m_AlwaysRefresh":false,"showFog":true,"showSkybox":false,"showFlares":true,"showImageEffects":true,"showParticleSystems":true,"showVisualEffectGraphs":true,"m_FxEnabled":true},"in2DMode":false,"pivot":{"x":0.08905363082885742,"y":-0.3401852250099182,"z":1.1912096738815308},"rotation":{"x":0.20291173458099366,"y":0.10347818583250046,"z":-0.021568793803453447,"w":0.9734764099121094},"size":0.8934546709060669,"orthographic":false}