{"cameraMode":{"drawMode":0,"name":"Shaded","section":"Shading Mode"},"sceneLighting":false,"audioPlay":false,"sceneViewState":{"m_AlwaysRefresh":false,"showFog":true,"showSkybox":false,"showFlares":true,"showImageEffects":true,"showParticleSystems":true,"showVisualEffectGraphs":true,"m_FxEnabled":true},"in2DMode":false,"pivot":{"x":0.9776962399482727,"y":0.029543941840529443,"z":0.4780817925930023},"rotation":{"x":0.13227029144763947,"y":0.6497500538825989,"z":-0.11622050404548645,"w":0.739477276802063},"size":0.8934546709060669,"orthographic":false}