{"cameraMode":{"drawMode":0,"name":"Shaded","section":"Shading Mode"},"sceneLighting":false,"audioPlay":false,"sceneViewState":{"m_AlwaysRefresh":false,"showFog":true,"showSkybox":false,"showFlares":true,"showImageEffects":true,"showParticleSystems":true,"showVisualEffectGraphs":true,"m_FxEnabled":true},"in2DMode":false,"pivot":{"x":0.1418249011039734,"y":0.20025694370269776,"z":0.0890691801905632},"rotation":{"x":-0.4019153118133545,"y":-0.5885929465293884,"z":0.42243602871894839,"w":-0.560000479221344},"size":0.6633250117301941,"orthographic":false}