{"cameraMode":{"drawMode":0,"name":"Shaded","section":"Shading Mode"},"sceneLighting":false,"audioPlay":false,"sceneViewState":{"m_AlwaysRefresh":false,"showFog":true,"showSkybox":false,"showFlares":true,"showImageEffects":true,"showParticleSystems":true,"showVisualEffectGraphs":true,"m_FxEnabled":true},"in2DMode":false,"pivot":{"x":1.4121357202529908,"y":1.8354519605636597,"z":0.6846061944961548},"rotation":{"x":0.03332852944731712,"y":-0.8466359376907349,"z":0.5284548997879028,"w":0.05340183153748512},"size":0.6633250117301941,"orthographic":false}