{"cameraMode":{"drawMode":0,"name":"Shaded","section":"Shading Mode"},"sceneLighting":false,"audioPlay":false,"sceneViewState":{"m_AlwaysRefresh":false,"showFog":true,"showSkybox":false,"showFlares":true,"showImageEffects":true,"showParticleSystems":true,"showVisualEffectGraphs":true,"m_FxEnabled":true},"in2DMode":false,"pivot":{"x":0.22277963161468507,"y":-0.30814477801322939,"z":0.39432692527770998},"rotation":{"x":-0.2514675259590149,"y":-0.3269740641117096,"z":0.09069881588220597,"w":-0.9064563512802124},"size":0.6633250117301941,"orthographic":false}