{"cameraMode":{"drawMode":0,"name":"Shaded","section":"Shading Mode"},"sceneLighting":false,"audioPlay":false,"sceneViewState":{"m_AlwaysRefresh":false,"showFog":true,"showSkybox":true,"showFlares":true,"showImageEffects":true,"showParticleSystems":true,"showVisualEffectGraphs":true,"m_FxEnabled":true},"in2DMode":false,"pivot":{"x":10.841662406921387,"y":2.196774482727051,"z":5.393694877624512},"rotation":{"x":0.19894850254058839,"y":-0.7224346995353699,"z":0.23191165924072267,"w":0.6203711628913879},"size":0.3014926314353943,"orthographic":false}