{"cameraMode":{"drawMode":0,"name":"Shaded","section":"Shading Mode"},"sceneLighting":true,"audioPlay":false,"sceneViewState":{"m_AlwaysRefresh":false,"showFog":true,"showSkybox":true,"showFlares":true,"showImageEffects":true,"showParticleSystems":true,"showVisualEffectGraphs":true,"m_FxEnabled":true},"in2DMode":false,"pivot":{"x":3.6057634353637697,"y":-0.011468708515167237,"z":7.093860626220703},"rotation":{"x":0.0709834173321724,"y":-0.9176785945892334,"z":0.19447459280490876,"w":0.33958369493484499},"size":0.8660253882408142,"orthographic":false}