{"cameraMode":{"drawMode":0,"name":"Shaded","section":"Shading Mode"},"sceneLighting":false,"audioPlay":false,"sceneViewState":{"m_AlwaysRefresh":false,"showFog":true,"showSkybox":true,"showFlares":true,"showImageEffects":true,"showParticleSystems":true,"showVisualEffectGraphs":true,"m_FxEnabled":true},"in2DMode":false,"pivot":{"x":585.1036376953125,"y":361.9546813964844,"z":-306.04168701171877},"rotation":{"x":-0.012159442529082299,"y":-0.15358483791351319,"z":-0.0018604028737172485,"w":0.9881121516227722},"size":5.278214454650879,"orthographic":false}