{"cameraMode":{"drawMode":0,"name":"Shaded","section":"Shading Mode"},"sceneLighting":true,"audioPlay":false,"sceneViewState":{"m_AlwaysRefresh":false,"showFog":true,"showSkybox":true,"showFlares":true,"showImageEffects":true,"showParticleSystems":true,"showVisualEffectGraphs":true,"m_FxEnabled":true},"in2DMode":false,"pivot":{"x":559.5225830078125,"y":278.24432373046877,"z":-247.58998107910157},"rotation":{"x":-0.07659456878900528,"y":0.06912972778081894,"z":-0.004926062189042568,"w":-0.9948285222053528},"size":101.09803009033203,"orthographic":false}