{"cameraMode":{"drawMode":0,"name":"Shaded","section":"Shading Mode"},"sceneLighting":false,"audioPlay":false,"sceneViewState":{"m_AlwaysRefresh":false,"showFog":true,"showSkybox":true,"showFlares":true,"showImageEffects":true,"showParticleSystems":true,"showVisualEffectGraphs":true,"m_FxEnabled":true},"in2DMode":false,"pivot":{"x":1.1874423027038575,"y":-22.181638717651368,"z":130.6688690185547},"rotation":{"x":0.10749400407075882,"y":0.011051207780838013,"z":-0.0009483117028139532,"w":0.9942222833633423},"size":117.77450561523438,"orthographic":false}