{"cameraMode":{"drawMode":0,"name":"Shaded","section":"Shading Mode"},"sceneLighting":false,"audioPlay":false,"sceneViewState":{"m_AlwaysRefresh":false,"showFog":true,"showSkybox":true,"showFlares":true,"showImageEffects":true,"showParticleSystems":true,"showVisualEffectGraphs":true,"m_FxEnabled":true},"in2DMode":false,"pivot":{"x":-4.010035514831543,"y":6.608214378356934,"z":-118.75556182861328},"rotation":{"x":0.03859809786081314,"y":-0.06293024867773056,"z":0.0026883461978286506,"w":0.9973520040512085},"size":0.2512669861316681,"orthographic":false}