{"cameraMode":{"drawMode":0,"name":"Shaded","section":"Shading Mode"},"sceneLighting":true,"audioPlay":false,"sceneViewState":{"m_AlwaysRefresh":false,"showFog":true,"showSkybox":true,"showFlares":true,"showImageEffects":true,"showParticleSystems":true,"showVisualEffectGraphs":true,"m_FxEnabled":true},"in2DMode":false,"pivot":{"x":3.604309558868408,"y":0.09959268569946289,"z":0.33767861127853396},"rotation":{"x":0.4782198667526245,"y":-0.37913084030151369,"z":0.23967793583869935,"w":0.7552714347839356},"size":1.8223495483398438,"orthographic":false}